whi_ges,soz_ges,gke_ges,lzh_ges,ile,woc_gesp,woc_gese,asi_ges,bsq_ges,das_ges,scl_gsi,bild,bmi_kat,ses_kom,whi_change,soz_change,gke_change,lzh_change,asi_change,bsq_change,das_change,scl_change
0.1350165552804068,0.07917596151635924,-0.1251426231383777,-0.011825548227391142,-0.010331237579917909,-0.04667455007840426,0.2337548115885505,0.0,0.16094404184182332,0.313901583358669,0.4153271424323263,-0.08267844059171778,0.09047433473236914,-0.24479739221960145,0.0,0.015017426740121395,-0.13132969233412328,0.05125846326211714,0.09508951945426146,0.10720547218001814,0.1662052863755274,0.3170607427620765
