whi_ges,soz_ges,gke_ges,lzh_ges,woc_gesp,woc_gese,asi_ges,bsq_ges,das_ges,scl_gsi,alter,bild,bmi_kat,ses_kom,whi_gesy,soz_gesy,gke_gesy,lzh_gesy,asi_gesy,bsq_gesy,das_gesy,scl_gsiy,ile
0.025823614735892796,0.042797521889599295,0.04375056866073221,0.05033351107594422,0.04225962292205223,0.05852809368058609,0.04204275835513171,0.05302014066756997,0.04942467344875484,0.06463207443523948,0.025890003374921075,0.011614639258926338,0.009892838204941412,0.013353372679694733,0.025472768629328756,0.04662350267437443,0.04578411473150687,0.04412859257332512,0.051698190578346084,0.06463838411382178,0.06034584355961895,0.09160154732740815,0.03634362242228361
