whi_ges,soz_ges,gke_ges,lzh_ges,ile,woc_gesp,woc_gese,asi_ges,bsq_ges,das_ges,scl_gsi,alter,bild,bmi_kat,ses_kom
0.07009007352186801,0.0,-0.06417386915894527,-0.10672155736585662,0.0,-0.03732904242482531,0.16153646214184877,0.0,0.09255593284407665,0.0665307082770927,0.22278657289381815,0.0,0.0,0.0,-0.12677551294549474
