whi_ges,soz_ges,gke_ges,lzh_ges,woc_gesp,woc_gese,asi_ges,bsq_ges,das_ges,scl_gsi,alter,bild,bmi_kat,ses_kom,whi_gesy,soz_gesy,gke_gesy,lzh_gesy,asi_gesy,bsq_gesy,das_gesy,scl_gsiy,ile
0.08319447016098942,0.09270570861017159,-0.04326448849988185,-0.17339527450565406,-0.12515223042101753,0.2148544793300699,-0.08817660574580992,0.0,0.0001368201021095577,0.0971900365775194,0.00032287816302577644,0.0,0.11293730490626581,-0.32557524286638184,-0.005324959253302799,0.06948876795660075,-0.07405689574989786,0.10196589719970148,0.03890439422247811,0.28760357983204843,0.16858663719715886,0.3439963469734144,-0.048944756145533334
