whi_ges,soz_ges,gke_ges,lzh_ges,woc_gesp,woc_gese,asi_ges,bsq_ges,das_ges,scl_gsi,bild,bmi_kat,ses_kom,whi_gesy,soz_gesy,gke_gesy,lzh_gesy,asi_gesy,bsq_gesy,das_gesy,scl_gsiy,ile
0.09924826418502933,0.10885648270163469,-0.047219029392287885,-0.18980953706885914,-0.13331677422536942,0.22406724850912313,-0.11102221954950857,0.003887312424224196,0.0010721801165185325,0.10549617450637183,0.004730077710727203,0.1450022850906872,-0.3401479038902597,-0.022894624620661674,0.07692009338713396,-0.07678577939939475,0.11888720010432079,0.05278301991816941,0.2901388172159136,0.1783680134540086,0.35479630109990495,-0.058906479020514456
