whi_ges,soz_ges,gke_ges,lzh_ges,woc_gesp,woc_gese,asi_ges,bsq_ges,das_ges,scl_gsi,alter,bild,bmi_kat,ses_kom,whi_gesy,soz_gesy,gke_gesy,lzh_gesy,asi_gesy,bsq_gesy,das_gesy,scl_gsiy,ile
0.08319468528207193,0.09270752736009695,-0.04326764355326451,-0.1733944031792979,-0.12515651192638766,0.21485307910825505,-0.08817653857853719,0.0,0.0001382802247399893,0.09718698176971466,0.00030600467146087054,0.0,0.1129161898038455,-0.32560326699948156,-0.005323041733295362,0.06949205455083081,-0.07405381118836622,0.10196835093009063,0.038905180274208535,0.2876025375288828,0.16858476135730355,0.3439952801433757,-0.048944283625096556
