whi_ges,soz_ges,gke_ges,lzh_ges,ile,woc_gesp,woc_gese,asi_ges,bsq_ges,das_ges,scl_gsi,bild,bmi_kat,ses_kom,whi_change,soz_change,gke_change,lzh_change,asi_change,bsq_change,das_change,scl_change
0.14628803143036673,0.15657129773799222,0.15105348051033698,0.14516729684001345,0.1551551875931404,0.13506308593697683,0.1333564195338422,0.1598092405373577,0.16038731448945362,0.1574125085427394,0.15926298444119671,0.14202911370299443,0.1413193203418566,0.13503179958062345,0.14003281203880585,0.13784580250952252,0.13865781244255854,0.1525602344102801,0.14464083027827054,0.13193447695585195,0.16388237912620218,0.14919985571598807
