whi_ges,soz_ges,gke_ges,lzh_ges,woc_gesp,woc_gese,asi_ges,bsq_ges,das_ges,scl_gsi,alter,bild,bmi_kat,ses_kom,whi_gesy,soz_gesy,gke_gesy,lzh_gesy,asi_gesy,bsq_gesy,das_gesy,scl_gsiy,ile
0.026266065151952844,0.01624066228549559,-0.028302990912214554,-0.026214651340977113,-0.032463823904667066,0.032909468563432576,-0.03605214583373306,0.015405003788364624,-0.004783103846944137,0.013753248014191755,0.005682693595673527,0.010649625304235855,0.03435080607965446,-0.06835714713082908,-0.01613331835225651,0.037679488992872656,0.024235636097147184,0.020002118888852394,0.004450479060691848,0.05409651667842663,0.03226655870579975,0.2658146395757086,-0.020612197396136622
