whi_ges,soz_ges,gke_ges,lzh_ges,ile,woc_gesp,woc_gese,asi_ges,bsq_ges,das_ges,scl_gsi,alter,bild,bmi_kat,ses_kom
0.10675196092546255,0.13921670130652153,-0.09991241083174261,-0.1804304203579885,-0.05093299807351299,-0.12231384619681607,0.2283693710159815,-0.03285337758186984,0.13872549184438165,0.11127773603371185,0.2548300179623862,-0.010680600716996695,0.015055879050299571,0.09573719766011722,-0.3164336748413361
