scl_gsi,asi_ges,scl_change,bsq_ges,bsq_change,whi_ges,soz_ges,das_change,lzh_ges,ile,woc_gesp,lzh_change,whi_change,asi_change,gke_ges,bild,das_ges,woc_gese,soz_change,bmi_kat,ses_kom,gke_change
0.008511359782977287,0.004510003390979996,0.004238724991522558,0.0031875211936249685,0.0026110545947779064,0.0025093251949813637,0.002475415395049189,0.0020345879959308513,0.0019667683960664763,0.0017633095964733948,0.0011868429976263435,0.0011868429976263362,0.0010851135978297937,0.0007121057985758165,0.0006442861987114671,0.0006442861987114597,0.0005764665988470956,0.00047473719905056035,0.00023736859952528945,3.3909799932211694e-05,-0.00023736859952524874,-0.0007799253984401178
