whi_ges,soz_ges,gke_ges,lzh_ges,ile,woc_gesp,woc_gese,asi_ges,bsq_ges,das_ges,scl_gsi,bild,bmi_kat,ses_kom,whi_change,soz_change,gke_change,lzh_change,asi_change,bsq_change,das_change,scl_change
0.04987924933586356,0.0,-0.06459539517370341,0.0,0.0,-0.02011975493069124,0.14738887660391314,0.0,0.21205081574684498,0.19637565683033353,0.37211680751259174,0.0,0.0,-0.038900818784135344,0.0,0.0,-0.017311442849070057,0.0,0.02026303364069963,0.2048168590236178,0.06015612640882139,0.20999044202805323
