whi_ges,soz_ges,gke_ges,lzh_ges,woc_gesp,woc_gese,asi_ges,bsq_ges,das_ges,scl_gsi,alter,bild,bmi_kat,ses_kom,whi_gesy,soz_gesy,gke_gesy,lzh_gesy,asi_gesy,bsq_gesy,das_gesy,scl_gsiy,ile
0.1439013837088578,0.1547506573871113,0.14745322305692857,0.14635483922967937,0.1553658944089019,0.13762899130356435,0.13243691732443943,0.15658349402824182,0.15677786479653577,0.15410858624881973,0.1547364669908448,0.13824375081806328,0.1357631355431313,0.13609698611005064,0.14064476759348385,0.14431678593915553,0.13747542708175553,0.15279619563961921,0.14361928055084358,0.1305129513208511,0.16483691382598026,0.15161469647625123,0.14843329738685845
