whi_ges,soz_ges,gke_ges,lzh_ges,woc_gesp,woc_gese,asi_ges,bsq_ges,das_ges,scl_gsi,bild,bmi_kat,ses_kom,whi_gesy,soz_gesy,gke_gesy,lzh_gesy,asi_gesy,bsq_gesy,das_gesy,scl_gsiy,ile
0.08362610944153344,0.0925824381872747,-0.04278910892084988,-0.17379328815941683,-0.124722609526761,0.21501901188132633,-0.0883546342469714,0.0,0.0,0.09714131527264411,0.0,0.12266746755014524,-0.31706582328645455,-0.005417658969864166,0.06905305335082695,-0.07389657209059301,0.10188721115090597,0.03915607840915889,0.2876995916887149,0.16894160083189472,0.3439522202720254,-0.04920854939652903
