scl_gsiy,bsq_gesy,alter,scl_gsi,soz_gesy,bsq_ges,gke_gesy,whi_ges,woc_gese,lzh_ges,whi_gesy,gke_ges,lzh_gesy,woc_gesp,asi_ges,soz_ges,asi_gesy,das_gesy,ile,das_ges,ses_kom,bild,bmi_kat
0.02988391376451077,0.017479270315091222,0.017048092868988392,0.013830845771144273,0.0127363184079602,0.012504145936981763,0.012106135986733007,0.011177446102819236,0.011044776119402973,0.010414593698175783,0.010281923714759536,0.009684908789386389,0.007960199004975122,0.007495854063018237,0.007330016583747922,0.006666666666666662,0.006666666666666646,0.006633499170812596,0.006500829187396339,0.004179104477611936,0.0031840796019900345,0.002951907131011607,0.002786069651741274
