whi_ges,soz_ges,gke_ges,lzh_ges,ile,woc_gesp,woc_gese,asi_ges,bsq_ges,das_ges,scl_gsi,bild,bmi_kat,ses_kom,whi_change,soz_change,gke_change,lzh_change,asi_change,bsq_change,das_change,scl_change
0.027912058050574146,0.037191940284442664,0.053871023192679154,0.04307892504828112,0.022501347894072706,0.024930192876247623,0.09793545467920846,0.042027150593153394,0.05005181208506347,0.07553189318022996,0.1199649632460264,0.011826270129813249,0.0006963296962454055,0.010444667812909484,0.01447467576132463,0.03612885005022942,0.041650427128067824,0.014202496646015977,0.04111246724265323,0.06331466458473044,0.06465609737744543,0.1064962924405858
