whi_ges,soz_ges,gke_ges,lzh_ges,ile,woc_gesp,woc_gese,asi_ges,bsq_ges,das_ges,scl_gsi,bild,bmi_kat,ses_kom,whi_change,soz_change,gke_change,lzh_change,asi_change,bsq_change,das_change,scl_change
0.047559929718775804,0.14665183094612186,-0.14822310693016108,0.0775560204915989,-0.031452896832989456,-0.1190930573890286,0.21612265910107975,-0.0015432993678554494,0.27814834975287406,0.2870496582575801,0.5379425835427527,-0.004635036335634533,0.10740848748878391,-0.2666413087435229,-0.0559873083443129,0.08402049666805377,-0.10854376743757264,0.10971417594019917,0.03502083611354245,0.2766529584195867,0.15822957871325918,0.3539477321604371
