whi_ges,soz_ges,gke_ges,lzh_ges,ile,woc_gesp,woc_gese,asi_ges,bsq_ges,das_ges,scl_gsi,bild,bmi_kat,ses_kom,whi_change,soz_change,gke_change,lzh_change,asi_change,bsq_change,das_change,scl_change
0.11639793370270328,0.11378067812197042,0.11283073805776114,0.11177179936874598,0.12048747448653416,0.11408971702819269,0.10526949014568826,0.10990139032293338,0.11361273431937635,0.10596622474988031,0.12179083007358983,0.1193460567816119,0.11099409241704944,0.1118133440624979,0.11265605750675231,0.10599693051611028,0.11157123086926563,0.11075588106939595,0.11364988125714963,0.10556326915583743,0.10936646261647576,0.10961342394465198
