whi_ges,soz_ges,gke_ges,lzh_ges,woc_gesp,woc_gese,asi_ges,bsq_ges,das_ges,scl_gsi,alter,bild,bmi_kat,ses_kom,whi_gesy,soz_gesy,gke_gesy,lzh_gesy,asi_gesy,bsq_gesy,das_gesy,scl_gsiy,ile
0.09748551999941048,0.10709797182612106,-0.04544494895183835,-0.18869690590110968,-0.13397654862823086,0.22517983390711507,-0.11091687586681458,0.004223382250669944,0.0011428125746946122,0.10573417393060681,0.012564400002929204,0.0016633242867904509,0.1432514784968253,-0.3342453010593068,-0.02162157429237146,0.07710457416948678,-0.07911879283043108,0.11761379644638618,0.05251756143081524,0.2886612936061417,0.17845521254938834,0.35787635252778005,-0.05992400397817601
