whi_ges,soz_ges,gke_ges,lzh_ges,ile,woc_gesp,woc_gese,asi_ges,bsq_ges,das_ges,scl_gsi,bild,bmi_kat,ses_kom,whi_change,soz_change,gke_change,lzh_change,asi_change,bsq_change,das_change,scl_change
0.10059732563425225,-0.041584184689563125,-0.08283909224137381,-0.06786657575882853,0.03269155881957702,0.0019479117107753176,0.12998577353533672,0.06077649059462559,0.09249700099706491,0.14023983737668141,0.14038823276033613,-0.03355494341341541,0.01386924956609242,-0.05230464446636444,0.012937421203033466,-0.023828151470841552,-0.06773795376933388,-0.0038036902397916494,0.07519084870267444,0.04984152534665591,0.057840647140156895,0.0853243932006475
